Flow Duration,Tot Fwd Pkts,Tot Bwd Pkts,Flow Byts/s,SYN Flag Cnt,ACK Flag Cnt,PSH Flag Cnt,RST Flag Cnt,Flow Pkts/s,Pkt Len Mean,Flow IAT Mean,Protocol,Label
0.0097,1,5,54095.55,1,5,1,0,615.89,87.83,0.0016,6,0
0.0095,6,0,215926.79,1,6,2,0,633.84,340.67,0.0016,6,0
0.0083,1,5,63119.97,1,5,1,0,718.63,87.83,0.0014,6,0
0.0081,6,0,250882.52,1,6,2,0,736.45,340.67,0.0014,6,0
0.0068,1,5,77683.22,1,5,1,0,884.44,87.83,0.0011,6,0
0.0069,6,0,297823.85,1,6,2,0,874.24,340.67,0.0011,6,0
0.0091,1,5,57801.79,1,5,1,0,658.08,87.83,0.0015,6,0
0.0092,6,0,222980.58,1,6,2,0,654.54,340.67,0.0015,6,0
0.0081,1,5,65307.52,1,5,1,0,743.54,87.83,0.0013,6,0
0.0083,6,0,247428.71,1,6,2,0,726.31,340.67,0.0014,6,0
0.0087,1,5,60686.88,1,5,1,0,690.93,87.83,0.0014,6,0
0.0082,6,0,250581.87,1,6,2,0,735.56,340.67,0.0014,6,0
0.0089,1,5,59422.5,1,5,1,0,676.54,87.83,0.0015,6,0
0.0087,6,0,235325.89,1,6,2,0,690.78,340.67,0.0014,6,0
0.0081,1,5,64788.76,1,5,1,0,737.63,87.83,0.0014,6,0
0.0084,6,0,242955.12,1,6,2,0,713.18,340.67,0.0014,6,0
0.005,1,5,106044.82,1,5,1,0,1207.34,87.83,0.0008,6,0
0.0052,6,0,395258.52,1,6,2,0,1160.25,340.67,0.0009,6,0
0.0064,1,5,82403.75,1,5,1,0,938.18,87.83,0.0011,6,0
0.0058,6,0,353838.68,1,6,2,0,1038.67,340.67,0.001,6,0
0.0061,1,5,86951.66,1,5,1,0,989.96,87.83,0.001,6,0
0.0056,6,0,365250.4,1,6,2,0,1072.16,340.67,0.0009,6,0
0.0112,1,5,47118.97,1,5,1,0,536.46,87.83,0.0019,6,0
0.0109,6,0,188069.7,1,6,2,0,552.06,340.67,0.0018,6,0
0.0051,1,5,104057.91,1,5,1,0,1184.72,87.83,0.0008,6,0
0.0049,6,0,414843.58,1,6,2,0,1217.74,340.67,0.0008,6,0
0.007,1,5,75396.47,1,5,1,0,858.4,87.83,0.0012,6,0
0.0063,6,0,322396.11,1,6,2,0,946.37,340.67,0.0011,6,0
0.0081,1,5,65292.08,1,5,1,0,743.36,87.83,0.0013,6,0
0.0081,6,0,253366.36,1,6,2,0,743.74,340.67,0.0013,6,0
0.0085,1,5,61832.78,1,5,1,0,703.98,87.83,0.0014,6,0
0.0082,6,0,248259.85,1,6,2,0,728.75,340.67,0.0014,6,0
0.0093,1,5,56754.0,1,5,1,0,646.16,87.83,0.0015,6,0
0.0089,6,0,229339.18,1,6,2,0,673.21,340.67,0.0015,6,0
0.0083,1,5,63163.26,1,5,1,0,719.13,87.83,0.0014,6,0
0.008,6,0,254419.01,1,6,2,0,746.83,340.67,0.0013,6,0
0.0074,1,5,71406.82,1,5,1,0,812.98,87.83,0.0012,6,0
0.0068,6,0,302542.87,1,6,2,0,888.09,340.67,0.0011,6,0
0.0071,1,5,73780.77,1,5,1,0,840.01,87.83,0.0012,6,0
0.0071,6,0,289839.32,1,6,2,0,850.8,340.67,0.0012,6,0
0.0079,1,5,67130.26,1,5,1,0,764.29,87.83,0.0013,6,0
0.0075,6,0,271242.36,1,6,2,0,796.21,340.67,0.0013,6,0
0.0075,1,5,69911.7,1,5,1,0,795.96,87.83,0.0013,6,0
0.0073,6,0,279246.84,1,6,2,0,819.71,340.67,0.0012,6,0
0.0076,1,5,69124.63,1,5,1,0,787.0,87.83,0.0013,6,0
0.0072,6,0,284784.66,1,6,2,0,835.96,340.67,0.0012,6,0
0.0076,1,5,69535.62,1,5,1,0,791.68,87.83,0.0013,6,0
0.0076,6,0,270259.04,1,6,2,0,793.32,340.67,0.0013,6,0
0.0085,1,5,61905.51,1,5,1,0,704.81,87.83,0.0014,6,0
0.0074,7,0,283407.99,1,7,2,0,940.22,301.43,0.0011,6,0
0.0101,1,5,52046.11,1,5,1,0,592.56,87.83,0.0017,6,0
0.009,6,0,227543.52,1,6,2,0,667.94,340.67,0.0015,6,0
0.0085,1,5,62178.91,1,5,1,0,707.92,87.83,0.0014,6,0
0.0087,6,0,235481.02,1,6,2,0,691.24,340.67,0.0014,6,0
0.011,1,5,47741.81,1,5,1,0,543.55,87.83,0.0018,6,0
0.0099,6,0,206572.15,1,6,2,0,606.38,340.67,0.0016,6,0
0.0076,1,5,69483.16,1,5,1,0,791.08,87.83,0.0013,6,0
0.008,6,0,254630.59,1,6,2,0,747.45,340.67,0.0013,6,0
0.006,1,5,87976.05,1,5,1,0,1001.62,87.83,0.001,6,0
0.0053,6,0,385327.76,1,6,2,0,1131.1,340.67,0.0009,6,0
0.0089,1,5,59206.04,1,5,1,0,674.07,87.83,0.0015,6,0
0.0091,6,0,224105.54,1,6,2,0,657.84,340.67,0.0015,6,0
0.0079,1,5,66616.38,1,5,1,0,758.44,87.83,0.0013,6,0
0.0079,6,0,258960.83,1,6,2,0,760.16,340.67,0.0013,6,0
0.0069,1,5,76662.1,1,5,1,0,872.81,87.83,0.0011,6,0
0.0073,6,0,279246.84,1,6,2,0,819.71,340.67,0.0012,6,0
0.0055,1,5,95419.74,1,5,1,0,1086.37,87.83,0.0009,6,0
0.0057,6,0,356102.07,1,6,2,0,1045.31,340.67,0.001,6,0
0.0068,1,5,77789.84,1,5,1,0,885.65,87.83,0.0011,6,0
0.0065,6,0,314934.88,1,6,2,0,924.47,340.67,0.0011,6,0
0.0041,1,5,129353.83,1,5,1,0,1472.72,87.83,0.0007,6,0
0.0045,6,0,458997.61,1,6,2,0,1347.35,340.67,0.0007,6,0
0.0063,1,5,83313.79,1,5,1,0,948.54,87.83,0.0011,6,0
0.0054,6,0,375784.93,1,6,2,0,1103.09,340.67,0.0009,6,0
0.0071,1,5,74655.44,1,5,1,0,849.97,87.83,0.0012,6,0
0.007,6,0,290113.95,1,6,2,0,851.61,340.67,0.0012,6,0
0.0042,1,5,124676.98,1,5,1,0,1419.47,87.83,0.0007,6,0
0.0043,6,0,471596.75,1,6,2,0,1384.33,340.67,0.0007,6,0
0.0087,1,5,60291.26,1,5,1,0,686.43,87.83,0.0015,6,0
0.0086,6,0,236337.9,1,6,2,0,693.75,340.67,0.0014,6,0
0.008,1,5,65715.25,1,5,1,0,748.18,87.83,0.0013,6,0
0.0079,6,0,259902.91,1,6,2,0,762.92,340.67,0.0013,6,0
0.0075,1,5,69940.46,1,5,1,0,796.29,87.83,0.0013,6,0
0.0077,6,0,265628.42,1,6,2,0,779.73,340.67,0.0013,6,0
0.0076,1,5,68894.1,1,5,1,0,784.37,87.83,0.0013,6,0
0.0069,6,0,294468.55,1,6,2,0,864.39,340.67,0.0012,6,0
0.0077,1,5,68125.45,1,5,1,0,775.62,87.83,0.0013,6,0
0.0073,6,0,280260.13,1,6,2,0,822.68,340.67,0.0012,6,0
0.0087,1,5,60398.34,1,5,1,0,687.65,87.83,0.0015,6,0
0.0077,6,0,267084.87,1,6,2,0,784.01,340.67,0.0013,6,0
0.009,1,5,58397.35,1,5,1,0,664.87,87.83,0.0015,6,0
0.0093,6,0,220005.07,1,6,2,0,645.81,340.67,0.0015,6,0
0.0086,1,5,61340.31,1,5,1,0,698.37,87.83,0.0014,6,0
0.0086,6,0,237411.24,1,6,2,0,696.9,340.67,0.0014,6,0
0.0082,1,5,64188.59,1,5,1,0,730.8,87.83,0.0014,6,0
0.008,6,0,255100.35,1,6,2,0,748.83,340.67,0.0013,6,0
0.0068,1,5,77891.26,1,5,1,0,886.81,87.83,0.0011,6,0
0.0067,6,0,304088.16,1,6,2,0,892.63,340.67,0.0011,6,0
0.0082,1,5,64488.22,1,5,1,0,734.21,87.83,0.0014,6,0
0.0081,6,0,252597.45,1,6,2,0,741.48,340.67,0.0013,6,0
0.0083,1,5,63619.57,1,5,1,0,724.32,87.83,0.0014,6,0
0.0084,6,0,242001.85,1,6,2,0,710.38,340.67,0.0014,6,0
0.008,1,5,66045.12,1,5,1,0,751.94,87.83,0.0013,6,0
0.0081,6,0,250992.69,1,6,2,0,736.77,340.67,0.0014,6,0
0.0068,1,5,77087.19,1,5,1,0,877.65,87.83,0.0011,6,0
0.0068,6,0,302265.54,1,6,2,0,887.28,340.67,0.0011,6,0
0.0074,1,5,70868.81,1,5,1,0,806.86,87.83,0.0012,6,0
0.0074,6,0,277036.04,1,6,2,0,813.22,340.67,0.0012,6,0
0.0039,1,5,134813.26,1,5,1,0,1534.88,87.83,0.0007,6,0
0.0039,7,0,540820.18,1,7,2,0,1794.19,301.43,0.0006,6,0
0.0079,1,5,66484.14,1,5,1,0,756.94,87.83,0.0013,6,0
0.0071,6,0,289898.13,1,6,2,0,850.97,340.67,0.0012,6,0
0.0079,1,5,66420.21,1,5,1,0,756.21,87.83,0.0013,6,0
0.0079,6,0,257212.73,1,6,2,0,755.03,340.67,0.0013,6,0
0.0088,1,5,60159.99,1,5,1,0,684.93,87.83,0.0015,6,0
0.009,6,0,226055.57,1,6,2,0,663.57,340.67,0.0015,6,0
0.0074,1,5,71048.77,1,5,1,0,808.9,87.83,0.0012,6,0
0.007,6,0,292709.12,1,6,2,0,859.22,340.67,0.0012,6,0
0.0078,1,5,67652.14,1,5,1,0,770.23,87.83,0.0013,6,0
0.0077,6,0,266478.84,1,6,2,0,782.23,340.67,0.0013,6,0
0.0086,1,5,61526.42,1,5,1,0,700.49,87.83,0.0014,6,0
0.008,6,0,254562.54,1,6,2,0,747.25,340.67,0.0013,6,0
0.0083,1,5,63424.24,1,5,1,0,722.1,87.83,0.0014,6,0
0.0087,6,0,236181.64,1,6,2,0,693.29,340.67,0.0014,6,0
0.0072,1,5,73320.67,1,5,1,0,834.77,87.83,0.0012,6,0
0.0068,6,0,300475.16,1,6,2,0,882.02,340.67,0.0011,6,0
0.0082,1,5,64194.18,1,5,1,0,730.86,87.83,0.0014,6,0
0.0076,6,0,269130.67,1,6,2,0,790.01,340.67,0.0013,6,0
0.0068,1,5,78034.25,1,5,1,0,888.44,87.83,0.0011,6,0
0.007,6,0,291405.76,1,6,2,0,855.4,340.67,0.0012,6,0
0.0083,1,5,63278.98,1,5,1,0,720.44,87.83,0.0014,6,0
0.008,6,0,257097.02,1,6,2,0,754.69,340.67,0.0013,6,0
0.0081,1,5,65151.6,1,5,1,0,741.76,87.83,0.0013,6,0
0.0081,6,0,252359.51,1,6,2,0,740.78,340.67,0.0013,6,0
0.0076,1,5,69001.63,1,5,1,0,785.6,87.83,0.0013,6,0
0.0081,6,0,252233.29,1,6,2,0,740.41,340.67,0.0014,6,0
0.0096,1,5,54892.18,1,5,1,0,624.96,87.83,0.0016,6,0
0.0092,6,0,221043.12,1,6,2,0,648.85,340.67,0.0015,6,0
0.0076,1,5,69733.05,1,5,1,0,793.92,87.83,0.0013,6,0
0.0076,6,0,268666.79,1,6,2,0,788.65,340.67,0.0013,6,0
0.0048,1,5,109268.78,1,5,1,0,1244.05,87.83,0.0008,6,0
0.0048,6,0,428700.74,1,6,2,0,1258.42,340.67,0.0008,6,0
0.0085,1,5,61715.38,1,5,1,0,702.64,87.83,0.0014,6,0
0.0082,6,0,249778.79,1,6,2,0,733.21,340.67,0.0014,6,0
0.0087,1,5,60260.03,1,5,1,0,686.07,87.83,0.0015,6,0
0.0089,6,0,228660.21,1,6,2,0,671.21,340.67,0.0015,6,0
0.0079,1,5,66712.89,1,5,1,0,759.54,87.83,0.0013,6,0
0.0077,6,0,264799.77,1,6,2,0,777.3,340.67,0.0013,6,0
0.0075,1,5,69894.01,1,5,1,0,795.76,87.83,0.0013,6,0
0.0074,6,0,277916.15,1,6,2,0,815.8,340.67,0.0012,6,0
0.0087,1,5,60471.05,1,5,1,0,688.47,87.83,0.0015,6,0
0.0089,6,0,229376.0,1,6,2,0,673.32,340.67,0.0015,6,0
0.0089,1,5,59150.58,1,5,1,0,673.44,87.83,0.0015,6,0
0.0087,6,0,233645.58,1,6,2,0,685.85,340.67,0.0015,6,0
0.0074,1,5,71446.06,1,5,1,0,813.43,87.83,0.0012,6,0
0.0068,6,0,299436.18,1,6,2,0,878.97,340.67,0.0011,6,0
0.009,1,5,58676.39,1,5,1,0,668.04,87.83,0.0015,6,0
0.0088,6,0,233162.65,1,6,2,0,684.43,340.67,0.0015,6,0
0.0074,1,5,71277.88,1,5,1,0,811.51,87.83,0.0012,6,0
0.0068,6,0,302052.54,1,6,2,0,886.65,340.67,0.0011,6,0
0.0074,1,5,70768.98,1,5,1,0,805.72,87.83,0.0012,6,0
0.007,6,0,293842.79,1,6,2,0,862.55,340.67,0.0012,6,0
0.0078,1,5,67503.38,1,5,1,0,768.54,87.83,0.0013,6,0
0.0076,6,0,269029.32,1,6,2,0,789.71,340.67,0.0013,6,0
0.0081,1,5,64977.31,1,5,1,0,739.78,87.83,0.0014,6,0
0.0082,6,0,249575.19,1,6,2,0,732.61,340.67,0.0014,6,0
0.0085,1,5,61964.52,1,5,1,0,705.48,87.83,0.0014,6,0
0.0088,6,0,231575.52,1,6,2,0,679.77,340.67,0.0015,6,0
0.0078,1,5,67524.0,1,5,1,0,768.77,87.83,0.0013,6,0
0.0077,6,0,263935.64,1,6,2,0,774.76,340.67,0.0013,6,0
0.0076,1,5,69157.07,1,5,1,0,787.37,87.83,0.0013,6,0
0.0077,6,0,264220.34,1,6,2,0,775.6,340.67,0.0013,6,0
0.0087,1,5,60345.58,1,5,1,0,687.05,87.83,0.0015,6,0
0.0088,6,0,231375.53,1,6,2,0,679.18,340.67,0.0015,6,0
0.008,1,5,66045.12,1,5,1,0,751.94,87.83,0.0013,6,0
0.0082,6,0,249386.43,1,6,2,0,732.05,340.67,0.0014,6,0
0.0083,1,5,63424.24,1,5,1,0,722.1,87.83,0.0014,6,0
0.0079,6,0,259242.74,1,6,2,0,760.99,340.67,0.0013,6,0
0.0084,1,5,62400.08,1,5,1,0,710.44,87.83,0.0014,6,0
0.0077,6,0,265414.61,1,6,2,0,779.1,340.67,0.0013,6,0
0.0075,1,5,70455.43,1,5,1,0,802.15,87.83,0.0012,6,0
0.0075,6,0,273065.28,1,6,2,0,801.56,340.67,0.0012,6,0
0.0081,1,5,64735.63,1,5,1,0,737.03,87.83,0.0014,6,0
0.008,7,0,264312.68,1,7,2,0,876.87,301.43,0.0011,6,0
0.0082,1,5,63884.34,1,5,1,0,727.34,87.83,0.0014,6,0
0.0089,6,0,228684.61,1,6,2,0,671.29,340.67,0.0015,6,0
0.0081,1,5,64880.04,1,5,1,0,738.67,87.83,0.0014,6,0
0.0081,6,0,252055.31,1,6,2,0,739.89,340.67,0.0014,6,0
0.0074,1,5,71448.37,1,5,1,0,813.45,87.83,0.0012,6,0
0.0077,6,0,264947.07,1,6,2,0,777.73,340.67,0.0013,6,0
0.0086,1,5,61053.98,1,5,1,0,695.11,87.83,0.0014,6,0
0.0084,6,0,243292.96,1,6,2,0,714.17,340.67,0.0014,6,0
0.0079,1,5,66456.16,1,5,1,0,756.62,87.83,0.0013,6,0
0.0074,6,0,275062.8,1,6,2,0,807.43,340.67,0.0012,6,0
0.0081,1,5,65182.34,1,5,1,0,742.11,87.83,0.0013,6,0
0.0076,6,0,270634.43,1,6,2,0,794.43,340.67,0.0013,6,0
0.0073,1,5,72505.35,1,5,1,0,825.49,87.83,0.0012,6,0
0.0072,6,0,285362.89,1,6,2,0,837.66,340.67,0.0012,6,0
0.0091,1,5,57729.33,1,5,1,0,657.26,87.83,0.0015,6,0
0.009,6,0,226186.78,1,6,2,0,663.95,340.67,0.0015,6,0
0.0092,1,5,57069.04,1,5,1,0,649.74,87.83,0.0015,6,0
0.0091,7,0,231118.29,1,7,2,0,766.74,301.43,0.0013,6,0
0.0076,1,5,69025.33,1,5,1,0,785.87,87.83,0.0013,6,0
0.0078,6,0,261504.31,1,6,2,0,767.63,340.67,0.0013,6,0
0.0086,1,5,61313.09,1,5,1,0,698.06,87.83,0.0014,6,0
0.0086,6,0,236455.23,1,6,2,0,694.1,340.67,0.0014,6,0
0.0084,1,5,62743.71,1,5,1,0,714.35,87.83,0.0014,6,0
0.0078,6,0,260542.69,1,6,2,0,764.8,340.67,0.0013,6,0
0.007,1,5,75160.6,1,5,1,0,855.72,87.83,0.0012,6,0
0.0074,6,0,277520.31,1,6,2,0,814.64,340.67,0.0012,6,0
0.009,1,5,58854.49,1,5,1,0,670.07,87.83,0.0015,6,0
0.0092,6,0,223166.32,1,6,2,0,655.09,340.67,0.0015,6,0
0.0081,1,5,65446.74,1,5,1,0,745.12,87.83,0.0013,6,0
0.0076,6,0,267618.46,1,6,2,0,785.57,340.67,0.0013,6,0
0.0083,1,5,63575.65,1,5,1,0,723.82,87.83,0.0014,6,0
0.0078,6,0,262972.22,1,6,2,0,771.93,340.67,0.0013,6,0
0.0084,1,5,62514.8,1,5,1,0,711.74,87.83,0.0014,6,0
0.0082,6,0,248821.87,1,6,2,0,730.4,340.67,0.0014,6,0
0.0055,1,5,95337.43,1,5,1,0,1085.44,87.83,0.0009,6,0
0.0051,6,0,398918.49,1,6,2,0,1170.99,340.67,0.0009,6,0
0.0088,1,5,59853.73,1,5,1,0,681.45,87.83,0.0015,6,0
0.0088,6,0,231970.27,1,6,2,0,680.93,340.67,0.0015,6,0
0.0087,1,5,60703.55,1,5,1,0,691.12,87.83,0.0014,6,0
0.0087,6,0,233601.02,1,6,2,0,685.72,340.67,0.0015,6,0
0.0067,1,5,78923.06,1,5,1,0,898.55,87.83,0.0011,6,0
0.0059,6,0,347809.54,1,6,2,0,1020.97,340.67,0.001,6,0
0.0075,1,5,70323.18,1,5,1,0,800.64,87.83,0.0012,6,0
0.0076,6,0,267735.47,1,6,2,0,785.92,340.67,0.0013,6,0
0.0057,1,5,92489.15,1,5,1,0,1053.01,87.83,0.0009,6,0
0.006,6,0,342898.86,1,6,2,0,1006.55,340.67,0.001,6,0
0.0083,1,5,63810.57,1,5,1,0,726.5,87.83,0.0014,6,0
0.0077,6,0,264938.88,1,6,2,0,777.71,340.67,0.0013,6,0
0.0055,1,5,95001.43,1,5,1,0,1081.61,87.83,0.0009,6,0
0.0056,6,0,363177.05,1,6,2,0,1066.08,340.67,0.0009,6,0
0.0071,1,5,74349.08,1,5,1,0,846.48,87.83,0.0012,6,0
0.0069,6,0,294752.02,1,6,2,0,865.22,340.67,0.0012,6,0
0.0073,1,5,72353.46,1,5,1,0,823.76,87.83,0.0012,6,0
0.007,6,0,290487.49,1,6,2,0,852.7,340.67,0.0012,6,0
0.0075,1,5,70599.45,1,5,1,0,803.79,87.83,0.0012,6,0
0.0077,6,0,266338.11,1,6,2,0,781.81,340.67,0.0013,6,0
0.0051,1,5,103111.36,1,5,1,0,1173.94,87.83,0.0009,6,0
0.0056,6,0,364691.06,1,6,2,0,1070.52,340.67,0.0009,6,0
0.0085,1,5,62145.7,1,5,1,0,707.54,87.83,0.0014,6,0
0.0079,6,0,257459.9,1,6,2,0,755.75,340.67,0.0013,6,0
0.0104,1,5,50666.99,1,5,1,0,576.85,87.83,0.0017,6,0
0.01,6,0,204649.04,1,6,2,0,600.73,340.67,0.0017,6,0
0.0072,1,5,73138.71,1,5,1,0,832.7,87.83,0.0012,6,0
0.0066,6,0,309399.74,1,6,2,0,908.22,340.67,0.0011,6,0
0.0052,1,5,101781.93,1,5,1,0,1158.81,87.83,0.0009,6,0
0.005,6,0,408693.21,1,6,2,0,1199.69,340.67,0.0008,6,0
0.0036,1,5,145258.47,1,5,1,0,1653.8,87.83,0.0006,6,0
0.0032,7,0,650877.51,1,7,2,0,2159.31,301.43,0.0005,6,0
0.0034,1,5,154260.47,1,5,1,0,1756.29,87.83,0.0006,6,0
0.0032,6,0,641079.59,1,6,2,0,1881.84,340.67,0.0005,6,0
0.0064,1,5,82045.89,1,5,1,0,934.11,87.83,0.0011,6,0
0.0069,6,0,297410.58,1,6,2,0,873.03,340.67,0.0011,6,0
0.0094,1,5,55825.19,1,5,1,0,635.58,87.83,0.0016,6,0
0.0095,6,0,215270.74,1,6,2,0,631.91,340.67,0.0016,6,0
0.0077,1,5,68821.17,1,5,1,0,783.54,87.83,0.0013,6,0
0.0074,6,0,275779.5,1,6,2,0,809.53,340.67,0.0012,6,0
0.0072,1,5,73427.84,1,5,1,0,835.99,87.83,0.0012,6,0
0.007,6,0,290546.56,1,6,2,0,852.88,340.67,0.0012,6,0
0.0086,1,5,61309.69,1,5,1,0,698.02,87.83,0.0014,6,0
0.0083,6,0,244954.35,1,6,2,0,719.04,340.67,0.0014,6,0
0.0056,1,5,93967.53,1,5,1,0,1069.84,87.83,0.0009,6,0
0.0061,6,0,337194.0,1,6,2,0,989.81,340.67,0.001,6,0
0.0071,1,5,74152.04,1,5,1,0,844.24,87.83,0.0012,6,0
0.0077,7,0,272365.78,1,7,2,0,903.58,301.43,0.0011,6,0
0.0067,1,5,78951.25,1,5,1,0,898.88,87.83,0.0011,6,0
0.0061,6,0,332499.12,1,6,2,0,976.02,340.67,0.001,6,0
0.0087,1,5,60620.31,1,5,1,0,690.17,87.83,0.0014,6,0
0.0085,6,0,239708.02,1,6,2,0,703.64,340.67,0.0014,6,0
0.0073,1,5,72505.35,1,5,1,0,825.49,87.83,0.0012,6,0
0.0072,6,0,282839.81,1,6,2,0,830.25,340.67,0.0012,6,0
0.0082,1,5,64384.91,1,5,1,0,733.03,87.83,0.0014,6,0
0.0078,6,0,260582.29,1,6,2,0,764.92,340.67,0.0013,6,0
0.0087,1,5,60701.88,1,5,1,0,691.1,87.83,0.0014,6,0
0.0086,6,0,238030.86,1,6,2,0,698.72,340.67,0.0014,6,0
0.0055,1,5,95357.99,1,5,1,0,1085.67,87.83,0.0009,6,0
0.0052,6,0,395240.3,1,6,2,0,1160.2,340.67,0.0009,6,0
0.0064,1,5,81739.45,1,5,1,0,930.62,87.83,0.0011,6,0
0.0056,6,0,364861.79,1,6,2,0,1071.02,340.67,0.0009,6,0
0.0072,1,5,73633.31,1,5,1,0,838.33,87.83,0.0012,6,0
0.0067,6,0,303818.75,1,6,2,0,891.84,340.67,0.0011,6,0
0.0082,1,5,64242.69,1,5,1,0,731.42,87.83,0.0014,6,0
0.0081,6,0,253396.31,1,6,2,0,743.82,340.67,0.0013,6,0
0.0084,1,5,62848.97,1,5,1,0,715.55,87.83,0.0014,6,0
0.0085,6,0,241858.48,1,6,2,0,709.96,340.67,0.0014,6,0
0.0085,1,5,61908.98,1,5,1,0,704.85,87.83,0.0014,6,0
0.0078,6,0,260613.98,1,6,2,0,765.01,340.67,0.0013,6,0
0.0085,1,5,62343.77,1,5,1,0,709.8,87.83,0.0014,6,0
0.008,6,0,256589.17,1,6,2,0,753.2,340.67,0.0013,6,0
0.0088,1,5,60099.46,1,5,1,0,684.24,87.83,0.0015,6,0
0.0086,6,0,236311.84,1,6,2,0,693.67,340.67,0.0014,6,0
0.008,1,5,65869.96,1,5,1,0,749.94,87.83,0.0013,6,0
0.0078,6,0,261050.44,1,6,2,0,766.29,340.67,0.0013,6,0
0.0087,1,5,60640.26,1,5,1,0,690.4,87.83,0.0014,6,0
0.0077,6,0,267059.91,1,6,2,0,783.93,340.67,0.0013,6,0
0.0082,1,5,63912.05,1,5,1,0,727.65,87.83,0.0014,6,0
0.0081,6,0,252396.66,1,6,2,0,740.89,340.67,0.0013,6,0
0.0082,1,5,64356.79,1,5,1,0,732.71,87.83,0.0014,6,0
0.0078,6,0,260828.06,1,6,2,0,765.64,340.67,0.0013,6,0
0.0069,1,5,76018.78,1,5,1,0,865.49,87.83,0.0012,6,0
0.0067,6,0,305333.62,1,6,2,0,896.28,340.67,0.0011,6,0
0.0039,1,5,133534.6,1,5,1,0,1520.32,87.83,0.0007,6,0
0.0041,6,0,495529.59,1,6,2,0,1454.59,340.67,0.0007,6,0
0.0042,1,5,125640.78,1,5,1,0,1430.45,87.83,0.0007,6,0
0.0038,6,0,533687.59,1,6,2,0,1566.6,340.67,0.0006,6,0
0.0078,1,5,67162.9,1,5,1,0,764.66,87.83,0.0013,6,0
0.0078,6,0,262424.85,1,6,2,0,770.33,340.67,0.0013,6,0
0.0056,1,5,94895.39,1,5,1,0,1080.4,87.83,0.0009,6,0
0.0051,6,0,404298.86,1,6,2,0,1186.79,340.67,0.0008,6,0
0.0064,1,5,82277.99,1,5,1,0,936.75,87.83,0.0011,6,0
0.0068,6,0,300002.01,1,6,2,0,880.63,340.67,0.0011,6,0
0.008,1,5,65726.98,1,5,1,0,748.31,87.83,0.0013,6,0
0.0079,6,0,259721.81,1,6,2,0,762.39,340.67,0.0013,6,0
0.0091,1,5,58139.3,1,5,1,0,661.93,87.83,0.0015,6,0
0.0093,6,0,220866.59,1,6,2,0,648.34,340.67,0.0015,6,0
0.0083,1,5,63854.81,1,5,1,0,727.0,87.83,0.0014,6,0
0.0079,6,0,258041.1,1,6,2,0,757.46,340.67,0.0013,6,0
0.0067,1,5,78914.61,1,5,1,0,898.46,87.83,0.0011,6,0
0.0058,6,0,352514.69,1,6,2,0,1034.78,340.67,0.001,6,0
0.0059,1,5,89435.49,1,5,1,0,1018.24,87.83,0.001,6,0
0.0057,6,0,360944.65,1,6,2,0,1059.52,340.67,0.0009,6,0
0.0067,1,5,79044.42,1,5,1,0,899.94,87.83,0.0011,6,0
0.0061,7,0,343688.6,1,7,2,0,1140.2,301.43,0.0009,6,0
0.0075,1,5,70491.38,1,5,1,0,802.56,87.83,0.0012,6,0
0.0078,6,0,260661.52,1,6,2,0,765.15,340.67,0.0013,6,0
0.0073,1,5,72009.32,1,5,1,0,819.84,87.83,0.0012,6,0
0.007,6,0,290025.62,1,6,2,0,851.35,340.67,0.0012,6,0
0.0082,1,5,64106.68,1,5,1,0,729.87,87.83,0.0014,6,0
0.0077,6,0,263992.53,1,6,2,0,774.93,340.67,0.0013,6,0
0.0081,1,5,64887.66,1,5,1,0,738.76,87.83,0.0014,6,0
0.0073,6,0,280104.47,1,6,2,0,822.22,340.67,0.0012,6,0
0.008,1,5,65567.1,1,5,1,0,746.49,87.83,0.0013,6,0
0.0078,6,0,262875.46,1,6,2,0,771.65,340.67,0.0013,6,0
0.0097,1,5,54529.26,1,5,1,0,620.83,87.83,0.0016,6,0
0.0094,6,0,218535.75,1,6,2,0,641.49,340.67,0.0016,6,0
0.0082,1,5,64149.47,1,5,1,0,730.35,87.83,0.0014,6,0
0.0078,6,0,262360.6,1,6,2,0,770.14,340.67,0.0013,6,0
0.0084,1,5,62857.9,1,5,1,0,715.65,87.83,0.0014,6,0
0.0081,6,0,251485.99,1,6,2,0,738.22,340.67,0.0014,6,0
0.0074,1,5,70946.15,1,5,1,0,807.74,87.83,0.0012,6,0
0.0078,6,0,261145.86,1,6,2,0,766.57,340.67,0.0013,6,0
0.0097,1,5,54277.53,1,5,1,0,617.96,87.83,0.0016,6,0
0.0093,6,0,219858.37,1,6,2,0,645.38,340.67,0.0015,6,0
0.008,1,5,66175.62,1,5,1,0,753.42,87.83,0.0013,6,0
0.0078,6,0,263343.8,1,6,2,0,773.02,340.67,0.0013,6,0
0.0084,1,5,62555.49,1,5,1,0,712.21,87.83,0.0014,6,0
0.0085,6,0,239086.32,1,6,2,0,701.82,340.67,0.0014,6,0
0.0067,1,5,78213.73,1,5,1,0,890.48,87.83,0.0011,6,0
0.0066,6,0,307866.46,1,6,2,0,903.72,340.67,0.0011,6,0
0.0078,1,5,67689.43,1,5,1,0,770.66,87.83,0.0013,6,0
0.0073,6,0,278974.24,1,6,2,0,818.91,340.67,0.0012,6,0
0.0077,1,5,68465.18,1,5,1,0,779.49,87.83,0.0013,6,0
0.0079,6,0,257862.59,1,6,2,0,756.94,340.67,0.0013,6,0
0.0086,1,5,61133.34,1,5,1,0,696.02,87.83,0.0014,6,0
0.0083,6,0,244954.35,1,6,2,0,719.04,340.67,0.0014,6,0
0.0086,1,5,61082.66,1,5,1,0,695.44,87.83,0.0014,6,0
0.0092,6,0,222045.0,1,6,2,0,651.8,340.67,0.0015,6,0
0.0079,1,5,66486.14,1,5,1,0,756.96,87.83,0.0013,6,0
0.0076,6,0,267610.11,1,6,2,0,785.55,340.67,0.0013,6,0
0.0073,1,5,71707.97,1,5,1,0,816.41,87.83,0.0012,6,0
0.0079,6,0,257746.3,1,6,2,0,756.59,340.67,0.0013,6,0
0.0061,1,5,86941.4,1,5,1,0,989.85,87.83,0.001,6,0
0.0065,6,0,314334.43,1,6,2,0,922.7,340.67,0.0011,6,0
0.0091,1,5,57967.01,1,5,1,0,659.97,87.83,0.0015,6,0
0.0087,6,0,235106.47,1,6,2,0,690.14,340.67,0.0014,6,0
0.0056,1,5,93625.24,1,5,1,0,1065.94,87.83,0.0009,6,0
0.0061,6,0,332847.67,1,6,2,0,977.05,340.67,0.001,6,0
0.0081,1,5,64707.21,1,5,1,0,736.7,87.83,0.0014,6,0
0.0078,6,0,263619.12,1,6,2,0,773.83,340.67,0.0013,6,0
0.0081,1,5,65361.59,1,5,1,0,744.15,87.83,0.0013,6,0
0.0072,6,0,285135.11,1,6,2,0,836.99,340.67,0.0012,6,0
0.0087,1,5,60706.88,1,5,1,0,691.16,87.83,0.0014,6,0
0.0084,6,0,243493.35,1,6,2,0,714.76,340.67,0.0014,6,0
0.0073,1,5,72362.93,1,5,1,0,823.87,87.83,0.0012,6,0
0.0071,6,0,289116.02,1,6,2,0,848.68,340.67,0.0012,6,0
0.0079,1,5,66462.15,1,5,1,0,756.68,87.83,0.0013,6,0
0.0084,6,0,243092.9,1,6,2,0,713.58,340.67,0.0014,6,0
0.0069,1,5,76824.63,1,5,1,0,874.66,87.83,0.0011,6,0
0.0072,6,0,282867.8,1,6,2,0,830.34,340.67,0.0012,6,0
0.0077,1,5,68599.04,1,5,1,0,781.01,87.83,0.0013,6,0
0.007,6,0,293330.05,1,6,2,0,861.05,340.67,0.0012,6,0
0.008,1,5,65869.96,1,5,1,0,749.94,87.83,0.0013,6,0
0.0087,6,0,235798.38,1,6,2,0,692.17,340.67,0.0014,6,0
0.0078,1,5,67720.53,1,5,1,0,771.01,87.83,0.0013,6,0
0.0068,6,0,301595.63,1,6,2,0,885.31,340.67,0.0011,6,0
0.0082,1,5,64173.68,1,5,1,0,730.63,87.83,0.0014,6,0
0.0082,6,0,249866.15,1,6,2,0,733.46,340.67,0.0014,6,0
0.0088,1,5,60101.1,1,5,1,0,684.26,87.83,0.0015,6,0
0.0084,6,0,244618.87,1,6,2,0,718.06,340.67,0.0014,6,0
0.0078,1,5,67134.34,1,5,1,0,764.34,87.83,0.0013,6,0
0.0079,6,0,259258.42,1,6,2,0,761.03,340.67,0.0013,6,0
0.0109,1,5,48229.33,1,5,1,0,549.1,87.83,0.0018,6,0
0.01,6,0,205409.05,1,6,2,0,602.96,340.67,0.0017,6,0
0.0063,1,5,83107.05,1,5,1,0,946.19,87.83,0.0011,6,0
0.0053,6,0,385553.04,1,6,2,0,1131.76,340.67,0.0009,6,0
0.0061,1,5,86185.45,1,5,1,0,981.24,87.83,0.001,6,0
0.0059,6,0,348148.52,1,6,2,0,1021.96,340.67,0.001,6,0
0.0081,1,5,64998.33,1,5,1,0,740.02,87.83,0.0014,6,0
0.0082,6,0,250743.1,1,6,2,0,736.04,340.67,0.0014,6,0
0.0061,1,5,87003.0,1,5,1,0,990.55,87.83,0.001,6,0
0.0065,7,0,324424.7,1,7,2,0,1076.29,301.43,0.0009,6,0
0.0065,1,5,80742.19,1,5,1,0,919.27,87.83,0.0011,6,0
0.0062,6,0,328234.52,1,6,2,0,963.51,340.67,0.001,6,0
0.0069,1,5,76891.44,1,5,1,0,875.42,87.83,0.0011,6,0
0.0064,6,0,319536.24,1,6,2,0,937.97,340.67,0.0011,6,0
0.004,1,5,130214.92,1,5,1,0,1482.52,87.83,0.0007,6,0
0.0044,6,0,469196.44,1,6,2,0,1377.29,340.67,0.0007,6,0
0.0091,1,5,57839.6,1,5,1,0,658.52,87.83,0.0015,6,0
0.0088,6,0,233302.24,1,6,2,0,684.84,340.67,0.0015,6,0
0.0077,1,5,68744.11,1,5,1,0,782.67,87.83,0.0013,6,0
0.0071,6,0,289829.53,1,6,2,0,850.77,340.67,0.0012,6,0
0.009,1,5,58735.64,1,5,1,0,668.72,87.83,0.0015,6,0
0.0085,7,0,248058.45,1,7,2,0,822.94,301.43,0.0012,6,0
0.0067,1,5,79095.33,1,5,1,0,900.52,87.83,0.0011,6,0
0.0068,6,0,302660.36,1,6,2,0,888.44,340.67,0.0011,6,0
0.0061,1,5,86198.89,1,5,1,0,981.39,87.83,0.001,6,0
0.0058,7,0,365792.4,1,7,2,0,1213.53,301.43,0.0008,6,0
0.0068,1,5,77124.85,1,5,1,0,878.08,87.83,0.0011,6,0
0.0066,6,0,310858.17,1,6,2,0,912.5,340.67,0.0011,6,0
0.0095,1,5,55345.74,1,5,1,0,630.12,87.83,0.0016,6,0
0.0093,6,0,220231.13,1,6,2,0,646.47,340.67,0.0015,6,0
0.0057,1,5,92415.68,1,5,1,0,1052.17,87.83,0.001,6,0
0.0054,6,0,377190.26,1,6,2,0,1107.21,340.67,0.0009,6,0
0.0064,1,5,81866.6,1,5,1,0,932.07,87.83,0.0011,6,0
0.0062,6,0,330079.6,1,6,2,0,968.92,340.67,0.001,6,0
0.0063,1,5,83724.03,1,5,1,0,953.21,87.83,0.001,6,0
0.0059,6,0,349141.0,1,6,2,0,1024.88,340.67,0.001,6,0
0.0084,1,5,63058.75,1,5,1,0,717.94,87.83,0.0014,6,0
0.0076,6,0,270242.01,1,6,2,0,793.27,340.67,0.0013,6,0
0.0098,1,5,53771.82,1,5,1,0,612.2,87.83,0.0016,6,0
0.0095,6,0,215389.73,1,6,2,0,632.26,340.67,0.0016,6,0
0.0069,1,5,76532.03,1,5,1,0,871.33,87.83,0.0011,6,0
0.0057,6,0,358454.55,1,6,2,0,1052.21,340.67,0.001,6,0
0.0088,1,5,60039.06,1,5,1,0,683.56,87.83,0.0015,6,0
0.0079,6,0,257120.16,1,6,2,0,754.76,340.67,0.0013,6,0
0.0073,1,5,72112.69,1,5,1,0,821.02,87.83,0.0012,6,0
0.0072,6,0,282867.8,1,6,2,0,830.34,340.67,0.0012,6,0
0.0078,1,5,67528.13,1,5,1,0,768.82,87.83,0.0013,6,0
0.0077,6,0,265061.75,1,6,2,0,778.07,340.67,0.0013,6,0
0.0089,1,5,59486.47,1,5,1,0,677.27,87.83,0.0015,6,0
0.0082,6,0,249946.28,1,6,2,0,733.7,340.67,0.0014,6,0
0.0084,1,5,62537.79,1,5,1,0,712.01,87.83,0.0014,6,0
0.0082,6,0,249082.12,1,6,2,0,731.16,340.67,0.0014,6,0
0.0084,1,5,62899.04,1,5,1,0,716.12,87.83,0.0014,6,0
0.0085,6,0,241402.19,1,6,2,0,708.62,340.67,0.0014,6,0
0.0068,1,5,77872.05,1,5,1,0,886.59,87.83,0.0011,6,0
0.0068,6,0,301871.74,1,6,2,0,886.12,340.67,0.0011,6,0
0.0081,1,5,65140.08,1,5,1,0,741.63,87.83,0.0013,6,0
0.0084,6,0,243818.82,1,6,2,0,715.71,340.67,0.0014,6,0
0.0058,1,5,90731.39,1,5,1,0,1032.99,87.83,0.001,6,0
0.0052,6,0,394240.66,1,6,2,0,1157.26,340.67,0.0009,6,0
0.0068,1,5,78042.52,1,5,1,0,888.53,87.83,0.0011,6,0
0.0069,6,0,297410.58,1,6,2,0,873.03,340.67,0.0011,6,0
0.0054,1,5,97991.67,1,5,1,0,1115.65,87.83,0.0009,6,0
0.0053,6,0,384481.0,1,6,2,0,1128.61,340.67,0.0009,6,0
0.0065,1,5,80821.9,1,5,1,0,920.17,87.83,0.0011,6,0
0.0059,6,0,344649.54,1,6,2,0,1011.69,340.67,0.001,6,0
0.0079,1,5,66518.15,1,5,1,0,757.32,87.83,0.0013,6,0
0.0081,6,0,251139.74,1,6,2,0,737.2,340.67,0.0014,6,0
0.0038,1,5,137104.47,1,5,1,0,1560.96,87.83,0.0006,6,0
0.0037,6,0,556120.74,1,6,2,0,1632.45,340.67,0.0006,6,0
0.0081,1,5,64862.91,1,5,1,0,738.48,87.83,0.0014,6,0
0.0081,6,0,251766.63,1,6,2,0,739.04,340.67,0.0014,6,0
0.007,1,5,75209.19,1,5,1,0,856.27,87.83,0.0012,6,0
0.0067,6,0,305540.37,1,6,2,0,896.89,340.67,0.0011,6,0
0.007,1,5,75035.58,1,5,1,0,854.3,87.83,0.0012,6,0
0.0068,6,0,301341.21,1,6,2,0,884.56,340.67,0.0011,6,0
0.009,1,5,58802.83,1,5,1,0,669.48,87.83,0.0015,6,0
0.0083,6,0,245241.64,1,6,2,0,719.89,340.67,0.0014,6,0
0.0079,1,5,67101.73,1,5,1,0,763.97,87.83,0.0013,6,0
0.0077,6,0,264570.96,1,6,2,0,776.63,340.67,0.0013,6,0
0.0057,1,5,91954.33,1,5,1,0,1046.92,87.83,0.001,6,0
0.006,6,0,341070.87,1,6,2,0,1001.19,340.67,0.001,6,0
0.0045,1,5,117206.54,1,5,1,0,1334.42,87.83,0.0007,6,0
0.0039,6,0,520847.96,1,6,2,0,1528.91,340.67,0.0007,6,0
0.0058,1,5,90761.2,1,5,1,0,1033.33,87.83,0.001,6,0
0.0056,6,0,363762.62,1,6,2,0,1067.8,340.67,0.0009,6,0
0.0074,1,5,71547.82,1,5,1,0,814.59,87.83,0.0012,6,0
0.0079,6,0,258437.81,1,6,2,0,758.62,340.67,0.0013,6,0
0.005,1,5,106146.67,1,5,1,0,1208.5,87.83,0.0008,6,0
0.0049,6,0,418529.46,1,6,2,0,1228.56,340.67,0.0008,6,0
0.0076,1,5,69187.37,1,5,1,0,787.71,87.83,0.0013,6,0
0.0071,6,0,287467.97,1,6,2,0,843.84,340.67,0.0012,6,0
0.007,1,5,75476.28,1,5,1,0,859.31,87.83,0.0012,6,0
0.0066,6,0,310745.49,1,6,2,0,912.17,340.67,0.0011,6,0
0.0069,1,5,76891.44,1,5,1,0,875.42,87.83,0.0011,6,0
0.0064,6,0,320587.74,1,6,2,0,941.06,340.67,0.0011,6,0
0.0084,1,5,62724.13,1,5,1,0,714.13,87.83,0.0014,6,0
0.008,6,0,255373.91,1,6,2,0,749.63,340.67,0.0013,6,0
0.0073,1,5,72247.04,1,5,1,0,822.55,87.83,0.0012,6,0
0.0078,6,0,262810.99,1,6,2,0,771.46,340.67,0.0013,6,0
0.0089,1,5,59298.16,1,5,1,0,675.12,87.83,0.0015,6,0
0.0089,6,0,230510.79,1,6,2,0,676.65,340.67,0.0015,6,0
0.0058,1,5,90327.25,1,5,1,0,1028.39,87.83,0.001,6,0
0.0066,6,0,311275.77,1,6,2,0,913.73,340.67,0.0011,6,0
0.0085,1,5,61947.15,1,5,1,0,705.28,87.83,0.0014,6,0
0.0081,6,0,252270.4,1,6,2,0,740.52,340.67,0.0014,6,0
0.008,1,5,66143.94,1,5,1,0,753.06,87.83,0.0013,6,0
0.0079,6,0,258999.95,1,6,2,0,760.27,340.67,0.0013,6,0
0.0078,1,5,67171.06,1,5,1,0,764.76,87.83,0.0013,6,0
0.0075,6,0,273291.6,1,6,2,0,802.23,340.67,0.0012,6,0
0.0069,1,5,75953.48,1,5,1,0,864.75,87.83,0.0012,6,0
0.0071,6,0,288105.57,1,6,2,0,845.71,340.67,0.0012,6,0
0.0085,1,5,61689.55,1,5,1,0,702.35,87.83,0.0014,6,0
0.0081,6,0,253628.7,1,6,2,0,744.51,340.67,0.0013,6,0
0.0083,1,5,63639.71,1,5,1,0,724.55,87.83,0.0014,6,0
0.0077,6,0,264424.08,1,6,2,0,776.2,340.67,0.0013,6,0
0.0082,1,5,63921.29,1,5,1,0,727.76,87.83,0.0014,6,0
0.0081,6,0,252485.86,1,6,2,0,741.15,340.67,0.0013,6,0
0.0081,1,5,65311.38,1,5,1,0,743.58,87.83,0.0013,6,0
0.0083,6,0,245487.43,1,6,2,0,720.61,340.67,0.0014,6,0
0.008,1,5,66023.42,1,5,1,0,751.69,87.83,0.0013,6,0
0.0071,6,0,289125.77,1,6,2,0,848.71,340.67,0.0012,6,0
0.0073,1,5,71988.22,1,5,1,0,819.6,87.83,0.0012,6,0
0.0069,6,0,296823.65,1,6,2,0,871.3,340.67,0.0011,6,0
0.0087,1,5,60332.4,1,5,1,0,686.9,87.83,0.0015,6,0
0.0093,6,0,220650.57,1,6,2,0,647.7,340.67,0.0015,6,0
0.008,1,5,65764.13,1,5,1,0,748.74,87.83,0.0013,6,0
0.0073,6,0,280159.39,1,6,2,0,822.39,340.67,0.0012,6,0
0.0043,1,5,122922.82,1,5,1,0,1399.5,87.83,0.0007,6,0
0.0041,6,0,500563.87,1,6,2,0,1469.37,340.67,0.0007,6,0
0.0052,1,5,102030.94,1,5,1,0,1161.64,87.83,0.0009,6,0
0.0044,6,0,468043.75,1,6,2,0,1373.91,340.67,0.0007,6,0
0.0042,1,5,125655.06,1,5,1,0,1430.61,87.83,0.0007,6,0
0.004,6,0,506717.74,1,6,2,0,1487.43,340.67,0.0007,6,0
0.0074,1,5,70932.49,1,5,1,0,807.58,87.83,0.0012,6,0
0.007,6,0,291138.57,1,6,2,0,854.61,340.67,0.0012,6,0
0.0076,1,5,69531.24,1,5,1,0,791.63,87.83,0.0013,6,0
0.0068,7,0,309439.91,1,7,2,0,1026.58,301.43,0.001,6,0
0.0074,1,5,71080.75,1,5,1,0,809.27,87.83,0.0012,6,0
0.007,6,0,290487.49,1,6,2,0,852.7,340.67,0.0012,6,0
0.0066,1,5,79479.28,1,5,1,0,904.89,87.83,0.0011,6,0
0.0063,6,0,322153.82,1,6,2,0,945.66,340.67,0.0011,6,0
0.0068,1,5,77555.11,1,5,1,0,882.98,87.83,0.0011,6,0
0.0064,6,0,321152.18,1,6,2,0,942.72,340.67,0.0011,6,0
0.0049,1,5,106978.91,1,5,1,0,1217.98,87.83,0.0008,6,0
0.0048,6,0,426101.26,1,6,2,0,1250.79,340.67,0.0008,6,0
0.0053,1,5,99756.21,1,5,1,0,1135.74,87.83,0.0009,6,0
0.005,6,0,409219.92,1,6,2,0,1201.23,340.67,0.0008,6,0
0.0044,1,5,120668.1,1,5,1,0,1373.83,87.83,0.0007,6,0
0.0046,6,0,448621.53,1,6,2,0,1316.89,340.67,0.0008,6,0
0.0078,1,5,67265.09,1,5,1,0,765.83,87.83,0.0013,6,0
0.0081,6,0,251058.84,1,6,2,0,736.96,340.67,0.0014,6,0
0.0067,1,5,78172.24,1,5,1,0,890.01,87.83,0.0011,6,0
0.0065,6,0,315584.09,1,6,2,0,926.37,340.67,0.0011,6,0
0.0078,1,5,67421.02,1,5,1,0,767.6,87.83,0.0013,6,0
0.0074,6,0,277251.06,1,6,2,0,813.85,340.67,0.0012,6,0
0.0071,1,5,74209.3,1,5,1,0,844.89,87.83,0.0012,6,0
0.0067,6,0,306249.82,1,6,2,0,898.97,340.67,0.0011,6,0
0.0085,1,5,62159.68,1,5,1,0,707.7,87.83,0.0014,6,0
0.0081,6,0,251833.19,1,6,2,0,739.24,340.67,0.0014,6,0
0.0061,1,5,85697.6,1,5,1,0,975.68,87.83,0.001,6,0
0.0055,6,0,370522.84,1,6,2,0,1087.64,340.67,0.0009,6,0
0.0078,1,5,67953.71,1,5,1,0,773.67,87.83,0.0013,6,0
0.0075,6,0,271792.71,1,6,2,0,797.83,340.67,0.0013,6,0
0.0076,1,5,68891.95,1,5,1,0,784.35,87.83,0.0013,6,0
0.0077,6,0,266735.86,1,6,2,0,782.98,340.67,0.0013,6,0
0.0076,1,5,69243.73,1,5,1,0,788.35,87.83,0.0013,6,0
0.0072,6,0,282364.71,1,6,2,0,828.86,340.67,0.0012,6,0
0.0076,1,5,68909.13,1,5,1,0,784.54,87.83,0.0013,6,0
0.0073,6,0,278919.78,1,6,2,0,818.75,340.67,0.0012,6,0
0.0072,1,5,73598.98,1,5,1,0,837.94,87.83,0.0012,6,0
0.0065,6,0,316668.17,1,6,2,0,929.55,340.67,0.0011,6,0
0.008,1,5,65662.54,1,5,1,0,747.58,87.83,0.0013,6,0
0.0074,6,0,277116.64,1,6,2,0,813.45,340.67,0.0012,6,0
0.0066,1,5,79433.58,1,5,1,0,904.37,87.83,0.0011,6,0
0.007,6,0,291168.23,1,6,2,0,854.7,340.67,0.0012,6,0
0.009,1,5,58277.26,1,5,1,0,663.5,87.83,0.0015,6,0
0.0097,6,0,211125.11,1,6,2,0,619.74,340.67,0.0016,6,0
0.0068,1,5,77568.72,1,5,1,0,883.14,87.83,0.0011,6,0
0.0067,6,0,305366.25,1,6,2,0,896.38,340.67,0.0011,6,0
0.0083,1,5,63231.92,1,5,1,0,719.91,87.83,0.0014,6,0
0.0081,6,0,251914.59,1,6,2,0,739.48,340.67,0.0014,6,0
0.0079,1,5,67118.03,1,5,1,0,764.15,87.83,0.0013,6,0
0.0074,6,0,274507.94,1,6,2,0,805.8,340.67,0.0012,6,0
0.0094,1,5,55813.91,1,5,1,0,635.45,87.83,0.0016,6,0
0.009,6,0,228100.5,1,6,2,0,669.57,340.67,0.0015,6,0
0.0074,1,5,71612.72,1,5,1,0,815.33,87.83,0.0012,6,0
0.0075,7,0,279965.25,1,7,2,0,928.79,301.43,0.0011,6,0
0.0073,1,5,72157.42,1,5,1,0,821.53,87.83,0.0012,6,0
0.0073,7,0,287449.05,1,7,2,0,953.62,301.43,0.001,6,0
0.0078,1,5,67687.35,1,5,1,0,770.63,87.83,0.0013,6,0
0.0077,6,0,265636.65,1,6,2,0,779.76,340.67,0.0013,6,0
0.0091,1,5,57889.59,1,5,1,0,659.08,87.83,0.0015,6,0
0.0091,6,0,225787.66,1,6,2,0,662.78,340.67,0.0015,6,0
0.0075,1,5,70053.5,1,5,1,0,797.57,87.83,0.0013,6,0
0.0074,6,0,277295.9,1,6,2,0,813.98,340.67,0.0012,6,0
0.0076,1,5,69098.7,1,5,1,0,786.7,87.83,0.0013,6,0
0.0074,6,0,277107.68,1,6,2,0,813.43,340.67,0.0012,6,0
0.0077,1,5,68673.63,1,5,1,0,781.86,87.83,0.0013,6,0
0.0076,6,0,267626.81,1,6,2,0,785.6,340.67,0.0013,6,0
0.0078,1,5,67695.65,1,5,1,0,770.73,87.83,0.0013,6,0
0.0073,6,0,279428.88,1,6,2,0,820.24,340.67,0.0012,6,0
0.0062,1,5,84543.82,1,5,1,0,962.55,87.83,0.001,6,0
0.0061,6,0,337539.17,1,6,2,0,990.82,340.67,0.001,6,0
0.0079,1,5,66672.65,1,5,1,0,759.08,87.83,0.0013,6,0
0.0077,6,0,266420.88,1,6,2,0,782.06,340.67,0.0013,6,0
0.0077,1,5,68346.63,1,5,1,0,778.14,87.83,0.0013,6,0
0.0075,6,0,273160.98,1,6,2,0,801.84,340.67,0.0012,6,0
0.0071,1,5,73766.0,1,5,1,0,839.84,87.83,0.0012,6,0
0.0072,6,0,283297.78,1,6,2,0,831.6,340.67,0.0012,6,0
0.0056,1,5,93776.17,1,5,1,0,1067.66,87.83,0.0009,6,0
0.0055,6,0,371341.33,1,6,2,0,1090.04,340.67,0.0009,6,0
0.0084,1,5,62624.61,1,5,1,0,712.99,87.83,0.0014,6,0
0.0082,6,0,248288.61,1,6,2,0,728.83,340.67,0.0014,6,0
0.0082,1,5,64556.02,1,5,1,0,734.98,87.83,0.0014,6,0
0.0078,6,0,262007.8,1,6,2,0,769.1,340.67,0.0013,6,0
0.0063,1,5,84247.37,1,5,1,0,959.17,87.83,0.001,6,0
0.0059,6,0,346012.73,1,6,2,0,1015.69,340.67,0.001,6,0
